{"_runtime":4.1638582060000005,"_step":0,"_wandb":{"runtime":4},"Before Compression Eval Acc":0.5584862232208252,"_timestamp":1.7386108589514382e+09,"Training Loss":1.444000244140625}