{"Training Loss":1.70703125,"_runtime":193.344286938,"_step":815,"Eval Acc":0.5424311757087708,"_wandb":{"runtime":193},"Before Compression Eval Acc":0.5424311757087708,"_timestamp":1.738626698887086e+09}