{"_wandb":{"runtime":989},"Before Compression Eval Acc":0.4931192696094513,"_timestamp":1.7386277059959688e+09,"Training Loss":0.009185791015625,"_runtime":989.686864663,"_step":4209,"Eval Acc":0.9392201900482178}