{"_step":0,"Before Compression Eval Acc":0.48967888951301575,"_wandb":{"runtime":3},"_timestamp":1.7386230413028898e+09,"Training Loss":0.8880581855773926,"_runtime":3.706355494}