{"_timestamp":1.7386250308899276e+09,"Training Loss":3.678327798843384,"_runtime":4.791525376,"_step":0,"_wandb":{"runtime":4},"Before Compression Eval Acc":0.49082568287849426}