{"_step":2104,"Eval Acc":0.9311926364898682,"_wandb":{"runtime":344},"Before Compression Eval Acc":0.5068807601928711,"_timestamp":1.7386405645838385e+09,"Training Loss":0.179443359375,"_runtime":343.723067653}