{"_runtime":15.149856324,"_wandb":{"runtime":15},"_step":0,"Before Compression Eval Acc":0.5149082541465759,"_timestamp":1.738616260355779e+09,"Training Loss":1.6588759422302246}