{"_step":0,"Before Compression Eval Acc":0.5493119359016418,"_timestamp":1.7386253437000134e+09,"Training Loss":0.8312387466430664,"_wandb":{"runtime":4},"_runtime":4.52465497}