{"_step":0,"_wandb":{"runtime":4},"Before Compression Eval Acc":0.5080274939537048,"_timestamp":1.7386253916629577e+09,"Training Loss":1.58418869972229,"_runtime":4.605508769}