{"Training Loss":1.2124754190444946,"_wandb":{"runtime":2},"_runtime":2.670454466,"_step":0,"Before Compression Eval Acc":0.588302731513977,"_timestamp":1.7385719137126849e+09}