{"Training Loss":1.2306663990020752,"_runtime":13.862126664,"_wandb":{"runtime":13},"_step":0,"Before Compression Eval Acc":0.4736238420009613,"_timestamp":1.7386163440342746e+09}