{"_step":0,"Before Compression Eval Acc":0.48394495248794556,"_timestamp":1.7387225674587114e+09,"Training Loss":0.8572068810462952,"_wandb":{"runtime":4},"_runtime":4.745215963}