{"_runtime":4.574863188,"_wandb":{"runtime":4},"_step":0,"Before Compression Eval Acc":0.5080274939537048,"_timestamp":1.7387226896055658e+09,"Training Loss":2.686415195465088}