{"_runtime":4.6322655919999995,"_wandb":{"runtime":4},"_step":0,"Before Compression Eval Acc":0.48394495248794556,"_timestamp":1.7386257147551758e+09,"Training Loss":1.2020034790039062}