{"time/epoch": 3, "_timestamp": 1712132968.6241984, "time/batch": 585, "time/sample": 149760, "time/batch_in_epoch": 0, "time/sample_in_epoch": 0, "trainer/device_train_microbatch_size": 256, "loss/train/total": 6.589084625244141, "_runtime": 570.237954378128, "_step": 585, "lr-DecoupledAdamW/group0": 5.7912713472487725e-08, "_wandb": {"runtime": 569}}