{"_timestamp":1.7386232521511486e+09,"Training Loss":3.9756696224212646,"_runtime":3.646392155,"_step":0,"_wandb":{"runtime":3},"Before Compression Eval Acc":0.49082568287849426}