{"network.conv1mu": {"_type": "histogram", "values": [3, 4, 2, 1, 0, 2, 2, 0, 0, 1], "bins": [0.06420900672674179, 0.14007005095481873, 0.21593108773231506, 0.2917921245098114, 0.36765316128730774, 0.4435141980648041, 0.5193752646446228, 0.5952363014221191, 0.6710973381996155, 0.7469583749771118, 0.8228194117546082]}, "_timestamp": 1712164976.8371737, "_runtime": 428.58091473579407, "_step": 390, "network.layer1.0.conv1mu": {"_type": "histogram", "values": [2, 2, 2, 1, 3, 1, 0, 1, 1, 2], "bins": [0.07732713222503662, 0.15590010583400726, 0.2344730794429779, 0.31304603815078735, 0.3916190266609192, 0.47019198536872864, 0.5487649440765381, 0.6273379325866699, 0.7059109210968018, 0.7844838500022888, 0.8630568385124207]}, "network.layer1.0.conv2mu": {"_type": "histogram", "values": [1, 1, 1, 0, 1, 2, 1, 2, 3, 3], "bins": [0.0038231275975704193, 0.09652214497327805, 0.18922115862369537, 0.2819201946258545, 0.3746192157268524, 0.46731820702552795, 0.5600172281265259, 0.6527162790298462, 0.7454152703285217, 0.838114321231842, 0.9308133125305176]}, "network.layer1.1.conv1mu": {"_type": "histogram", "values": [4, 2, 0, 0, 1, 0, 1, 5, 1, 1], "bins": [0.10464099794626236, 0.18716491758823395, 0.26968881487846375, 0.35221272706985474, 0.4347366690635681, 0.5172605514526367, 0.5997844934463501, 0.6823083758354187, 0.7648323178291321, 0.8473562002182007, 0.9298801422119141]}, "network.layer1.1.conv2mu": {"_type": "histogram", "values": [2, 2, 2, 2, 1, 0, 3, 2, 0, 1], "bins": [0.04832398146390915, 0.12610669434070587, 0.2038894146680832, 0.2816721200942993, 0.35945484042167664, 0.43723756074905396, 0.5150202512741089, 0.5928030014038086, 0.6705856919288635, 0.7483684420585632, 0.8261511325836182]}, "network.layer2.0.conv1mu": {"_type": "histogram", "values": [2, 2, 0, 1, 0, 1, 3, 1, 3, 2], "bins": [0.1334598958492279, 0.20300719141960144, 0.272554486989975, 0.3421017825603485, 0.41164907813072205, 0.4811963438987732, 0.5507436394691467, 0.6202909350395203, 0.6898382306098938, 0.7593855261802673, 0.8289328217506409]}, "network.layer2.0.conv2mu": {"_type": "histogram", "values": [2, 1, 0, 1, 1, 3, 2, 1, 1, 3], "bins": [0.0082396836951375, 0.0950109139084816, 0.18178214132785797, 0.26855337619781494, 0.3553246259689331, 0.4420958459377289, 0.5288670659065247, 0.6156383156776428, 0.702409565448761, 0.7891807556152344, 0.8759520053863525]}, "network.layer2.0.downsample.0mu": {"_type": "histogram", "values": [2, 2, 1, 2, 1, 1, 1, 0, 1, 4], "bins": [0.019878678023815155, 0.09266743808984756, 0.16545619070529938, 0.2382449507713318, 0.311033695936203, 0.3838224709033966, 0.4566112160682678, 0.5293999910354614, 0.602188766002655, 0.6749774813652039, 0.7477662563323975]}, "network.layer2.1.conv1mu": {"_type": "histogram", "values": [5, 0, 1, 1, 1, 1, 0, 1, 2, 3], "bins": [0.0012870343634858727, 0.08763425052165985, 0.1739814728498459, 0.2603286802768707, 0.34667590260505676, 0.4330231249332428, 0.5193703174591064, 0.6057175397872925, 0.6920647621154785, 0.7784119844436646, 0.8647592067718506]}, "network.layer2.1.conv2mu": {"_type": "histogram", "values": [2, 1, 2, 2, 2, 0, 0, 1, 2, 3], "bins": [0.06998848915100098, 0.15492157638072968, 0.23985466361045837, 0.3247877359390259, 0.40972083806991577, 0.4946539103984833, 0.5795869827270508, 0.6645200848579407, 0.7494531869888306, 0.8343862295150757, 0.9193193316459656]}, "network.layer3.0.conv1mu": {"_type": "histogram", "values": [2, 2, 0, 1, 3, 2, 1, 1, 2, 1], "bins": [0.20558519661426544, 0.276299387216568, 0.34701356291770935, 0.4177277386188507, 0.48844191431999207, 0.5591561198234558, 0.6298702955245972, 0.7005844712257385, 0.7712986469268799, 0.8420128226280212, 0.9127269983291626]}, "network.layer3.0.conv2mu": {"_type": "histogram", "values": [1, 2, 1, 2, 2, 0, 1, 2, 1, 3], "bins": [0.004261964000761509, 0.09091421216726303, 0.17756646871566772, 0.2642187178134918, 0.3508709669113159, 0.43752321600914, 0.5241754651069641, 0.6108276844024658, 0.6974799633026123, 0.784132182598114, 0.8707844614982605]}, "network.layer3.0.downsample.0mu": {"_type": "histogram", "values": [3, 1, 4, 0, 0, 1, 1, 1, 2, 2], "bins": [0.10228948295116425, 0.17908832430839539, 0.2558871805667877, 0.33268600702285767, 0.40948486328125, 0.48628371953964233, 0.5630825757980347, 0.639881432056427, 0.7166802287101746, 0.7934790849685669, 0.8702779412269592]}, "network.layer3.1.conv1mu": {"_type": "histogram", "values": [3, 0, 1, 2, 0, 1, 2, 2, 1, 3], "bins": [0.029248418286442757, 0.10222397744655609, 0.17519953846931458, 0.24817508459091187, 0.32115066051483154, 0.39412620663642883, 0.4671017527580261, 0.5400773286819458, 0.6130529046058655, 0.6860284209251404, 0.7590039968490601]}, "network.layer3.1.conv2mu": {"_type": "histogram", "values": [2, 2, 1, 0, 2, 2, 1, 2, 2, 1], "bins": [0.0015754773048684, 0.09209165722131729, 0.18260782957077026, 0.27312400937080383, 0.3636401891708374, 0.45415636897087097, 0.5446725487709045, 0.6351887583732605, 0.7257049083709717, 0.8162211179733276, 0.9067372679710388]}, "network.layer4.0.conv1mu": {"_type": "histogram", "values": [2, 0, 2, 0, 0, 4, 3, 1, 0, 3], "bins": [0.055226657539606094, 0.14015460014343262, 0.22508253157138824, 0.31001046299934387, 0.3949384093284607, 0.4798663556575775, 0.5647943019866943, 0.6497222185134888, 0.7346501350402832, 0.8195781111717224, 0.9045060276985168]}, "network.layer4.0.conv2mu": {"_type": "histogram", "values": [4, 2, 1, 0, 2, 0, 0, 2, 2, 2], "bins": [0.022703247144818306, 0.10202144831418991, 0.18133965134620667, 0.2606578469276428, 0.339976042509079, 0.41929423809051514, 0.4986124336719513, 0.5779306292533875, 0.657248854637146, 0.7365670204162598, 0.8158852458000183]}, "network.layer4.0.downsample.0mu": {"_type": "histogram", "values": [1, 2, 2, 2, 1, 0, 1, 4, 0, 2], "bins": [0.039912424981594086, 0.1256539523601532, 0.2113954722881317, 0.29713699221611023, 0.38287851214408875, 0.46862003207206726, 0.5543615818023682, 0.6401031017303467, 0.7258446216583252, 0.8115861415863037, 0.8973276615142822]}, "network.layer4.1.conv1mu": {"_type": "histogram", "values": [2, 0, 0, 5, 1, 1, 2, 3, 0, 1], "bins": [0.0012369615724310279, 0.08589537441730499, 0.1705537736415863, 0.2552121877670288, 0.3398706018924713, 0.4245290160179138, 0.5091874003410339, 0.5938458442687988, 0.678504228591919, 0.7631626725196838, 0.847821056842804]}, "network.layer4.1.conv2mu": {"_type": "histogram", "values": [2, 1, 1, 2, 0, 3, 1, 1, 1, 3], "bins": [0.07651715725660324, 0.16004803776741028, 0.24357891082763672, 0.32710978388786316, 0.4106406569480896, 0.49417153000831604, 0.5777024030685425, 0.6612332463264465, 0.7447641491889954, 0.8282949924468994, 0.9118258953094482]}, "network.fcsparsity": 0.0, "time/batch": 390, "time/sample": 99840, "time/batch_in_epoch": 0, "time/sample_in_epoch": 0, "trainer/device_train_microbatch_size": 256, "loss/train/total": 6.682712554931641, "_wandb": {"runtime": 428}, "time/epoch": 2}