{"network.conv1mu": {"_type": "histogram", "values": [1, 1, 0, 4, 1, 1, 2, 1, 1, 3], "bins": [0.027646124362945557, 0.12032589316368103, 0.2130056619644165, 0.305685430765152, 0.39836519956588745, 0.4910449683666229, 0.5837247371673584, 0.6764044761657715, 0.7690842747688293, 0.8617640733718872, 0.9544438123703003]}, "_timestamp": 1712165655.9818513, "network.layer1.0.conv1mu": {"_type": "histogram", "values": [2, 2, 0, 3, 0, 2, 0, 3, 2, 1], "bins": [0.05835443735122681, 0.1499733328819275, 0.24159221351146698, 0.33321109414100647, 0.42482998967170715, 0.5164488554000854, 0.6080677509307861, 0.6996866464614868, 0.7913055419921875, 0.8829244375228882, 0.9745433330535889]}, "network.layer1.0.conv2mu": {"_type": "histogram", "values": [4, 0, 4, 0, 0, 1, 0, 3, 1, 2], "bins": [0.01150977611541748, 0.10566562414169312, 0.19982147216796875, 0.2939773201942444, 0.38813316822052, 0.48228901624679565, 0.5764448642730713, 0.6706007122993469, 0.7647565603256226, 0.8589124083518982, 0.9530682563781738]}, "network.layer1.1.conv1mu": {"_type": "histogram", "values": [3, 1, 1, 1, 1, 1, 0, 1, 2, 4], "bins": [0.012210190296173096, 0.10886742174625397, 0.20552465319633484, 0.3021818697452545, 0.3988391160964966, 0.49549633264541626, 0.5921535491943359, 0.6888107657432556, 0.7854680418968201, 0.8821252584457397, 0.9787824749946594]}, "network.layer1.1.conv2mu": {"_type": "histogram", "values": [2, 0, 1, 0, 2, 0, 1, 1, 6, 2], "bins": [0.19644635915756226, 0.2750820815563202, 0.35371777415275574, 0.43235349655151367, 0.5109891891479492, 0.5896248817443848, 0.6682606339454651, 0.7468963265419006, 0.8255320191383362, 0.9041677713394165, 0.982803463935852]}, "network.layer2.0.conv1mu": {"_type": "histogram", "values": [1, 3, 1, 0, 1, 2, 2, 3, 1, 1], "bins": [0.033213794231414795, 0.12491875141859055, 0.2166237086057663, 0.30832865834236145, 0.4000336229801178, 0.49173858761787415, 0.5834435224533081, 0.6751484870910645, 0.7668534517288208, 0.8585584163665771, 0.9502633810043335]}, "network.layer2.0.conv2mu": {"_type": "histogram", "values": [2, 2, 1, 2, 0, 2, 0, 1, 2, 3], "bins": [0.09548664093017578, 0.17432180047035217, 0.25315696001052856, 0.33199208974838257, 0.41082724928855896, 0.48966240882873535, 0.5684975385665894, 0.6473327279090881, 0.7261678576469421, 0.8050030469894409, 0.8838381767272949]}, "network.layer2.0.downsample.0mu": {"_type": "histogram", "values": [2, 0, 3, 3, 2, 1, 1, 0, 2, 1], "bins": [0.0451892614364624, 0.13946935534477234, 0.23374946415424347, 0.3280295729637146, 0.42230966687202454, 0.5165897607803345, 0.6108698844909668, 0.7051499485969543, 0.7994300723075867, 0.8937101364135742, 0.9879902601242065]}, "network.layer2.1.conv1mu": {"_type": "histogram", "values": [2, 2, 0, 2, 2, 0, 4, 1, 0, 2], "bins": [0.008012473583221436, 0.09903530776500702, 0.1900581419467926, 0.281080961227417, 0.37210381031036377, 0.46312662959098816, 0.5541494488716125, 0.6451722979545593, 0.7361951470375061, 0.8272179365158081, 0.9182407855987549]}, "network.layer2.1.conv2mu": {"_type": "histogram", "values": [3, 0, 0, 1, 3, 1, 1, 1, 1, 4], "bins": [0.04101884365081787, 0.13666188716888428, 0.2323049157857895, 0.3279479444026947, 0.4235909879207611, 0.5192340612411499, 0.6148770451545715, 0.7105200886726379, 0.8061631321907043, 0.9018061757087708, 0.9974492192268372]}, "network.layer3.0.conv1mu": {"_type": "histogram", "values": [1, 0, 1, 2, 0, 1, 1, 3, 1, 5], "bins": [0.04431694746017456, 0.13422957062721252, 0.22414220869541168, 0.31405484676361084, 0.4039674699306488, 0.49388009309768677, 0.5837927460670471, 0.6737053394317627, 0.763617992401123, 0.8535305857658386, 0.943443238735199]}, "network.layer3.0.conv2mu": {"_type": "histogram", "values": [2, 2, 1, 1, 3, 2, 0, 0, 0, 4], "bins": [0.02312147617340088, 0.11128640174865723, 0.19945132732391357, 0.2876162528991699, 0.37578117847442627, 0.4639461040496826, 0.552111029624939, 0.6402759552001953, 0.7284408807754517, 0.816605806350708, 0.9047707319259644]}, "network.layer3.0.downsample.0mu": {"_type": "histogram", "values": [3, 1, 0, 1, 2, 2, 4, 0, 1, 1], "bins": [0.15428239107131958, 0.22919386625289917, 0.30410534143447876, 0.37901684641838074, 0.4539283215999603, 0.5288398265838623, 0.6037513017654419, 0.6786627769470215, 0.7535742521286011, 0.8284857273101807, 0.9033972024917603]}, "network.layer3.1.conv1mu": {"_type": "histogram", "values": [2, 1, 3, 1, 0, 1, 2, 1, 2, 2], "bins": [0.01736825704574585, 0.10970260202884674, 0.20203694701194763, 0.2943713068962097, 0.3867056369781494, 0.4790399968624115, 0.5713743567466736, 0.6637086868286133, 0.756043016910553, 0.8483774065971375, 0.9407117366790771]}, "network.layer3.1.conv2mu": {"_type": "histogram", "values": [6, 0, 0, 1, 0, 2, 1, 2, 1, 2], "bins": [0.040202438831329346, 0.13421455025672913, 0.2282266765832901, 0.3222388029098511, 0.41625091433525085, 0.5102630257606506, 0.6042751669883728, 0.6982872486114502, 0.7922993898391724, 0.8863114714622498, 0.9803236126899719]}, "network.layer4.0.conv1mu": {"_type": "histogram", "values": [1, 1, 1, 1, 1, 0, 2, 5, 1, 2], "bins": [0.03872847557067871, 0.11750241369009018, 0.19627635180950165, 0.2750502824783325, 0.3538242280483246, 0.43259817361831665, 0.5113720893859863, 0.5901460647583008, 0.6689199805259705, 0.7476939558982849, 0.8264678716659546]}, "network.layer4.0.conv2mu": {"_type": "histogram", "values": [2, 1, 1, 1, 3, 1, 0, 1, 2, 3], "bins": [0.099651038646698, 0.18470866978168488, 0.26976630091667175, 0.3548239469528198, 0.4398815631866455, 0.5249391794204712, 0.6099968552589417, 0.6950544714927673, 0.780112087726593, 0.8651697635650635, 0.9502273797988892]}, "network.layer4.0.downsample.0mu": {"_type": "histogram", "values": [4, 0, 2, 0, 3, 0, 2, 0, 0, 4], "bins": [0.018976271152496338, 0.11658598482608795, 0.21419569849967957, 0.31180539727211, 0.4094151258468628, 0.5070248246192932, 0.6046345233917236, 0.702244222164154, 0.7998539805412292, 0.8974636793136597, 0.9950733780860901]}, "network.layer4.1.conv1mu": {"_type": "histogram", "values": [2, 2, 0, 1, 1, 0, 2, 1, 2, 4], "bins": [0.06033807992935181, 0.1496589481830597, 0.23897981643676758, 0.32830068469047546, 0.41762155294418335, 0.5069423913955688, 0.5962632894515991, 0.6855841875076294, 0.7749050259590149, 0.8642258644104004, 0.9535467624664307]}, "network.layer4.1.conv2mu": {"_type": "histogram", "values": [4, 3, 0, 1, 0, 3, 1, 1, 0, 2], "bins": [0.03138202428817749, 0.1277385652065277, 0.22409509122371674, 0.32045161724090576, 0.416808158159256, 0.5131646990776062, 0.609521210193634, 0.7058777809143066, 0.8022342920303345, 0.8985908627510071, 0.9949473738670349]}, "network.fcsparsity": 0.0, "time/epoch": 2, "time/batch": 390, "time/sample": 99840, "time/batch_in_epoch": 0, "time/sample_in_epoch": 0, "trainer/device_train_microbatch_size": 256, "loss/train/total": 6.683319091796875, "_runtime": 438.1410882472992, "_step": 390, "_wandb": {"runtime": 437}}