{"Training Loss":3.12603759765625,"_runtime":4.9008609530000005,"_wandb":{"runtime":5},"_step":0,"Before Compression Eval Acc":0.4736238420009613,"_timestamp":1.7385729836121984e+09}