{"Before Compression Eval Acc":0.4919724762439728,"_timestamp":1.7385711988259456e+09,"Training Loss":1.5044077634811401,"_runtime":4.8013173909999995,"_step":0,"_wandb":{"runtime":5}}