{"_runtime":38.982831406,"_step":0,"_wandb":{"runtime":39},"Before Compression Eval Acc":0.6204128265380859,"_timestamp":1.7386133889484105e+09,"Training Loss":0.8905187845230103}