{"Training Loss":2.1522388458251953,"_runtime":3.866480276,"_wandb":{"runtime":3},"_step":0,"Before Compression Eval Acc":0.502293586730957,"_timestamp":1.7386233531682117e+09}