{"_timestamp":1.7385718838488448e+09,"Training Loss":1.0246877670288086,"_runtime":4.966443797,"_wandb":{"runtime":5},"_step":0,"Before Compression Eval Acc":0.43807339668273926}