{"time/epoch": 2, "_timestamp": 1712220464.583022, "time/batch": 390, "time/sample": 99840, "time/batch_in_epoch": 0, "time/sample_in_epoch": 0, "trainer/device_train_microbatch_size": 256, "loss/train/total": 3.307042121887207, "_runtime": 82.51960301399231, "_step": 390, "lr-DecoupledAdamW/group0": 7.692307692307666e-08, "l2_norm/moment/network.conv1.weight": 0.563491940498352, "l2_norm/param/network.conv1.weight": 11.409540176391602, "l2_norm/update/network.conv1.weight": 2.197520007030107e-05, "l2_norm/grad/network.conv1.weight": 1.5795899629592896, "l2_norm/moment/network.bn1.weight": 0.18281123042106628, "l2_norm/param/network.bn1.weight": 2.0683722496032715, "l2_norm/update/network.bn1.weight": 3.9913711589179e-06, "l2_norm/grad/network.bn1.weight": 0.6193922162055969, "l2_norm/moment/network.bn1.bias": 0.08474897593259811, "l2_norm/param/network.bn1.bias": 2.5218749046325684, "l2_norm/update/network.bn1.bias": 4.835863819607766e-06, "l2_norm/grad/network.bn1.bias": 0.21480998396873474, "l2_norm/moment/network.layer1.0.conv1.weight": 0.6005316972732544, "l2_norm/param/network.layer1.0.conv1.weight": 9.314481735229492, "l2_norm/update/network.layer1.0.conv1.weight": 1.8092607206199318e-05, "l2_norm/grad/network.layer1.0.conv1.weight": 1.7827317714691162, "l2_norm/moment/network.layer1.0.bn1.weight": 0.1457916498184204, "l2_norm/param/network.layer1.0.bn1.weight": 2.6230225563049316, "l2_norm/update/network.layer1.0.bn1.weight": 5.05178331877687e-06, "l2_norm/grad/network.layer1.0.bn1.weight": 0.392803430557251, "l2_norm/moment/network.layer1.0.bn1.bias": 0.1357758492231369, "l2_norm/param/network.layer1.0.bn1.bias": 1.5284721851348877, "l2_norm/update/network.layer1.0.bn1.bias": 2.9312291189853568e-06, "l2_norm/grad/network.layer1.0.bn1.bias": 0.3828408420085907, "l2_norm/moment/network.layer1.0.conv2.weight": 0.4967655539512634, "l2_norm/param/network.layer1.0.conv2.weight": 7.873092174530029, "l2_norm/update/network.layer1.0.conv2.weight": 1.5382267520180903e-05, "l2_norm/grad/network.layer1.0.conv2.weight": 1.5082929134368896, "l2_norm/moment/network.layer1.0.bn2.weight": 0.15344221889972687, "l2_norm/param/network.layer1.0.bn2.weight": 2.5716917514801025, "l2_norm/update/network.layer1.0.bn2.weight": 4.9351228881278075e-06, "l2_norm/grad/network.layer1.0.bn2.weight": 0.3800947368144989, "l2_norm/moment/network.layer1.0.bn2.bias": 0.06880750507116318, "l2_norm/param/network.layer1.0.bn2.bias": 1.4479351043701172, "l2_norm/update/network.layer1.0.bn2.bias": 2.7598584892984945e-06, "l2_norm/grad/network.layer1.0.bn2.bias": 0.18250787258148193, "l2_norm/moment/network.layer1.1.conv1.weight": 0.4947815239429474, "l2_norm/param/network.layer1.1.conv1.weight": 8.86266040802002, "l2_norm/update/network.layer1.1.conv1.weight": 1.7278962332056835e-05, "l2_norm/grad/network.layer1.1.conv1.weight": 1.5279195308685303, "l2_norm/moment/network.layer1.1.bn1.weight": 0.15030883252620697, "l2_norm/param/network.layer1.1.bn1.weight": 2.4386446475982666, "l2_norm/update/network.layer1.1.bn1.weight": 4.689906290877843e-06, "l2_norm/grad/network.layer1.1.bn1.weight": 0.4435701370239258, "l2_norm/moment/network.layer1.1.bn1.bias": 0.1080104410648346, "l2_norm/param/network.layer1.1.bn1.bias": 1.336491584777832, "l2_norm/update/network.layer1.1.bn1.bias": 2.5819495022005867e-06, "l2_norm/grad/network.layer1.1.bn1.bias": 0.31690168380737305, "l2_norm/moment/network.layer1.1.conv2.weight": 0.47851797938346863, "l2_norm/param/network.layer1.1.conv2.weight": 7.66154146194458, "l2_norm/update/network.layer1.1.conv2.weight": 1.5009289199952036e-05, "l2_norm/grad/network.layer1.1.conv2.weight": 1.4726901054382324, "l2_norm/moment/network.layer1.1.bn2.weight": 0.1268809288740158, "l2_norm/param/network.layer1.1.bn2.weight": 3.0709495544433594, "l2_norm/update/network.layer1.1.bn2.weight": 5.911765583732631e-06, "l2_norm/grad/network.layer1.1.bn2.weight": 0.29237115383148193, "l2_norm/moment/network.layer1.1.bn2.bias": 0.05280321463942528, "l2_norm/param/network.layer1.1.bn2.bias": 1.1303633451461792, "l2_norm/update/network.layer1.1.bn2.bias": 2.1183182070672046e-06, "l2_norm/grad/network.layer1.1.bn2.bias": 0.14302869141101837, "l2_norm/moment/network.layer2.0.conv1.weight": 0.7420942783355713, "l2_norm/param/network.layer2.0.conv1.weight": 10.24725341796875, "l2_norm/update/network.layer2.0.conv1.weight": 2.008046976698097e-05, "l2_norm/grad/network.layer2.0.conv1.weight": 2.326582431793213, "l2_norm/moment/network.layer2.0.bn1.weight": 0.20297470688819885, "l2_norm/param/network.layer2.0.bn1.weight": 3.2736611366271973, "l2_norm/update/network.layer2.0.bn1.weight": 6.311094693955965e-06, "l2_norm/grad/network.layer2.0.bn1.weight": 0.5603566765785217, "l2_norm/moment/network.layer2.0.bn1.bias": 0.15990431606769562, "l2_norm/param/network.layer2.0.bn1.bias": 1.3110127449035645, "l2_norm/update/network.layer2.0.bn1.bias": 2.4775627025519498e-06, "l2_norm/grad/network.layer2.0.bn1.bias": 0.4594677984714508, "l2_norm/moment/network.layer2.0.conv2.weight": 0.8766530156135559, "l2_norm/param/network.layer2.0.conv2.weight": 11.854510307312012, "l2_norm/update/network.layer2.0.conv2.weight": 2.347191002627369e-05, "l2_norm/grad/network.layer2.0.conv2.weight": 2.7569940090179443, "l2_norm/moment/network.layer2.0.bn2.weight": 0.1767386943101883, "l2_norm/param/network.layer2.0.bn2.weight": 3.545454978942871, "l2_norm/update/network.layer2.0.bn2.weight": 6.8155918597767595e-06, "l2_norm/grad/network.layer2.0.bn2.weight": 0.5021222829818726, "l2_norm/moment/network.layer2.0.bn2.bias": 0.14313526451587677, "l2_norm/param/network.layer2.0.bn2.bias": 0.9245642423629761, "l2_norm/update/network.layer2.0.bn2.bias": 1.7990489595831605e-06, "l2_norm/grad/network.layer2.0.bn2.bias": 0.34564727544784546, "l2_norm/moment/network.layer2.0.downsample.0.weight": 0.39486241340637207, "l2_norm/param/network.layer2.0.downsample.0.weight": 5.801024436950684, "l2_norm/update/network.layer2.0.downsample.0.weight": 1.1243535482208245e-05, "l2_norm/grad/network.layer2.0.downsample.0.weight": 1.0920705795288086, "l2_norm/moment/network.layer2.0.downsample.1.weight": 0.1801116168498993, "l2_norm/param/network.layer2.0.downsample.1.weight": 2.2548954486846924, "l2_norm/update/network.layer2.0.downsample.1.weight": 4.353468739282107e-06, "l2_norm/grad/network.layer2.0.downsample.1.weight": 0.47348085045814514, "l2_norm/moment/network.layer2.0.downsample.1.bias": 0.14313526451587677, "l2_norm/param/network.layer2.0.downsample.1.bias": 0.9245642423629761, "l2_norm/update/network.layer2.0.downsample.1.bias": 1.7990489595831605e-06, "l2_norm/grad/network.layer2.0.downsample.1.bias": 0.34564727544784546, "l2_norm/moment/network.layer2.1.conv1.weight": 0.8531657457351685, "l2_norm/param/network.layer2.1.conv1.weight": 11.913524627685547, "l2_norm/update/network.layer2.1.conv1.weight": 2.3600887288921513e-05, "l2_norm/grad/network.layer2.1.conv1.weight": 2.6090545654296875, "l2_norm/moment/network.layer2.1.bn1.weight": 0.24142815172672272, "l2_norm/param/network.layer2.1.bn1.weight": 3.3315815925598145, "l2_norm/update/network.layer2.1.bn1.weight": 6.411305093934061e-06, "l2_norm/grad/network.layer2.1.bn1.weight": 0.6514431238174438, "l2_norm/moment/network.layer2.1.bn1.bias": 0.15148110687732697, "l2_norm/param/network.layer2.1.bn1.bias": 2.391467332839966, "l2_norm/update/network.layer2.1.bn1.bias": 4.586141585605219e-06, "l2_norm/grad/network.layer2.1.bn1.bias": 0.4258364737033844, "l2_norm/moment/network.layer2.1.conv2.weight": 0.782055139541626, "l2_norm/param/network.layer2.1.conv2.weight": 10.475395202636719, "l2_norm/update/network.layer2.1.conv2.weight": 2.0939427486155182e-05, "l2_norm/grad/network.layer2.1.conv2.weight": 2.434072732925415, "l2_norm/moment/network.layer2.1.bn2.weight": 0.16445766389369965, "l2_norm/param/network.layer2.1.bn2.weight": 3.1716554164886475, "l2_norm/update/network.layer2.1.bn2.weight": 6.086714620323619e-06, "l2_norm/grad/network.layer2.1.bn2.weight": 0.4187399744987488,