{"_wandb":{"runtime":4},"Before Compression Eval Acc":0.4988532066345215,"_timestamp":1.7386258867836478e+09,"Training Loss":0.8680121898651123,"_runtime":4.679095826,"_step":0}