{"Training Loss":0.0005164146423339844,"_runtime":1728.99397285,"_step":10524,"Eval Acc":0.9323394298553467,"_wandb":{"runtime":1729},"Before Compression Eval Acc":0.4850917458534241,"_timestamp":1.7386448795426564e+09}