{"Training Loss":1.6390348672866821,"_runtime":4.640773971,"_step":0,"Before Compression Eval Acc":0.49655961990356445,"_wandb":{"runtime":4},"_timestamp":1.738625765574685e+09}