{"Training Loss":4.262715816497803,"_runtime":4.944012578,"_step":0,"Before Compression Eval Acc":0.5091742873191833,"_wandb":{"runtime":5},"_timestamp":1.7385725917644894e+09}